Date,Open,High,Low,Close
2025-10-07,185.7849,188.6081,183.5602,184.5977
2025-10-08,186.1241,189.1468,186.0941,188.658
2025-10-09,191.7705,194.8332,190.6033,192.1097
2025-10-10,193.0475,195.1525,181.6149,182.7222
2025-10-13,187.5207,189.6556,185.5156,187.8699
2025-10-14,184.3284,184.3583,179.2705,179.5997
2025-10-15,184.3583,184.4281,176.8663,179.4002
2025-10-16,181.7944,182.8419,179.3403,181.3754
2025-10-17,179.7493,183.66,179.3204,182.7821
2025-10-20,182.6923,184.7574,181.2956,182.2035
2025-10-21,182.3531,182.3531,179.3703,180.727
2025-10-22,180.7071,183.0016,176.3375,179.8491
2025-10-23,179.9888,182.5925,179.3603,181.7246
2025-10-24,183.4006,187.0219,183.0614,185.8148
2025-10-27,189.5359,191.5411,187.9796,191.0323
2025-10-28,192.5886,202.6644,191.4513,200.5495
2025-10-29,207.4829,211.6829,204.2906,206.5452
2025-10-30,204.6597,205.6673,200.9286,202.4051
2025-10-31,205.9566,207.4729,201.587,202.006
2025-11-03,207.5827,210.8349,205.0687,206.3855
2025-11-04,202.5148,203.4825,197.4569,198.2151
2025-11-05,198.2949,202.435,194.1848,194.7434
2025-11-06,195.9506,197.1477,185.9346,187.6305
2025-11-07,184.4581,187.8699,178.4824,187.7003
2025-11-10,194.6437,199.4621,193.3268,198.5743
2025-11-11,194.6936,194.9529,190.8428,192.6983
2025-11-12,195.2522,195.4218,190.6732,193.3368
2025-11-13,190.5934,190.9824,183.4106,186.4134
2025-11-14,182.4229,190.5535,180.1484,189.7155
2025-11-17,185.5255,188.5483,183.8795,186.154
2025-11-18,182.9417,184.3583,179.2206,180.9265
2025-11-19,184.3483,187.411,182.393,186.0742
2025-11-20,195.4817,195.5315,179.4201,180.2083
2025-11-21,180.8068,184.1189,172.5167,178.4525
2025-11-24,179.061,183.0614,176.0582,182.1137
2025-11-25,174.492,177.7342,169.1448,177.395
2025-11-26,181.1959,182.4728,177.814,179.8291
2025-11-28,178.5821,178.8615,176.0781,176.577
2025-12-01,174.3423,179.8691,173.2649,179.49
2025-12-02,181.3256,185.2163,179.5698,181.0263
2025-12-03,180.6472,182.0139,178.6819,179.1608
2025-12-04,181.196,184.0892,179.5399,182.9519
2025-12-05,183.4607,184.2289,180.4877,181.9842
2025-12-08,182.2136,187.5611,181.9742,185.1168
2025-12-09,185.1268,185.2864,182.892,184.5382
2025-12-10,184.5382,185.047,181.615,183.351
2025-12-11,179.8591,180.8967,176.2077,180.5076
2025-12-12,180.6872,182.3932,174.2123,174.6114
2025-12-15,177.5246,178.0035,174.6214,175.8784
2025-12-16,175.8485,178.0733,174.4917,177.3051
2025-12-17,175.6889,175.7188,169.9124,170.5409
2025-12-18,174.1225,175.7388,171.4189,173.7335
2025-12-19,176.2576,181.0264,175.9283,180.5675
2025-12-22,183.4906,183.7301,181.9243,183.2612
2025-12-23,182.5429,188.888,182.473,188.7683
2025-12-24,187.5012,188.469,186.1544,188.1697
2025-12-26,189.4766,192.2402,187.5611,190.0852
2025-12-29,187.2718,188.3193,185.476,187.7806
2025-12-30,187.8006,188.5488,186.4936,187.1022
2025-12-31,189.1274,190.1151,186.0546,186.0646
2026-01-02,189.3968,192.4796,187.8205,188.4091
2026-01-05,191.3123,193.178,185.7154,187.6808
2026-01-06,190.0752,191.7214,186.3839,186.8029
2026-01-07,188.1298,190.9232,186.1245,188.6685
2026-01-08,188.6685,189.1075,183.2811,184.608
2026-01-09,184.6479,185.905,183.2412,184.4284
2026-01-12,182.7923,186.6832,182.5927,184.5083
2026-01-13,184.5681,187.6709,182.9718,185.3762
2026-01-14,183.8897,184.0294,180.3779,182.7124
2026-01-15,186.0646,189.2571,185.895,186.6133
2026-01-16,188.6386,189.9954,185.6456,185.7952
2026-01-20,181.4753,181.9542,177.1954,177.6543
2026-01-21,178.632,184.9472,177.9835,182.892
2026-01-22,184.3187,185.7354,183.5006,184.4085
2026-01-23,187.0623,189.1574,186.3839,187.2319
2026-01-26,186.7231,188.6785,185.5558,186.0347
2026-01-27,186.8029,189.5564,185.2665,188.0799
2026-01-28,190.8235,191.9009,189.3968,191.0729
2026-01-29,190.8933,193.0283,185.6256,192.0606
2026-01-30,190.7636,194.036,189.0277,190.6838
2026-02-02,186.763,189.8557,184.4484,185.1767
2026-02-03,185.8052,185.8351,175.8186,179.919
2026-02-04,179.0411,179.1608,171.5087,173.7834
2026-02-05,174.5216,176.4072,170.6307,171.4787
2026-02-06,176.2775,186.5634,174.1924,184.9772
2026-02-09,183.8298,193.2079,183.5206,189.5963
2026-02-10,190.9332,192.0306,187.6808,188.0998
2026-02-11,192.0007,192.8088,188.3293,189.6063
2026-02-12,192.5794,193.158,186.0746,186.5036
2026-02-13,187.0423,187.0623,181.1661,182.3832
2026-02-17,181.3257,186.7131,178.7617,184.5382
2026-02-18,188.3093,189.9256,186.324,187.5411
2026-02-19,186.6233,187.9901,185.2266,187.4613
2026-02-20,186.1345,189.8857,185.5059,189.3769
2026-02-23,190.9532,193.4972,189.1374,191.1028
2026-02-24,191.043,193.3176,186.9625,192.3998
2026-02-25,193.996,197.1686,193.3376,195.1035
2026-02-26,193.8165,193.8364,183.8897,184.4584
2026-02-27,180.8269,182.1637,175.9682,176.7764
2026-03-02,174.6014,183.0317,174.2323,182.054
2026-03-03,178.0733,180.4777,176.507,179.6297
2026-03-04,180.0188,184.2688,179.6396,182.6127
2026-03-05,180.747,183.6303,177.4647,182.912
2026-03-06,179.4202,182.3333,176.4072,177.4049
2026-03-09,176.4172,182.483,175.1501,182.2236
2026-03-10,181.9742,186.0047,181.5851,184.3386
2026-03-11,185.486,187.1921,184.0293,185.6057
2026-03-12,183.6303,184.5182,181.3355,182.7224
2026-03-13,184.4983,185.6656,179.5296,179.8389
2026-03-16,182.5527,188.4493,180.9963,182.8022
2026-03-17,184.638,184.9772,181.2657,181.5151
2026-03-18,182.0638,182.9618,179.9188,179.9886
2026-03-19,177.604,179.5695,175.3891,178.1528
2026-03-20,177.5941,177.8535,171.3284,172.3061
2026-03-23,176.8557,177.9632,174.3614,175.2394
2026-03-24,174.4313,175.8181,173.5832,174.8004
2026-03-25,176.6961,180.8067,176.4467,178.2725
2026-03-26,175.6685,176.1075,170.7497,170.8495
2026-03-27,169.6123,170.5801,166.6291,167.138
2026-03-30,168.3951,169.0636,163.8954,164.7933
2026-03-31,166.5892,174.2218,166.5793,174.0023
2026-04-01,175.5986,176.9655,174.3515,175.3492
2026-04-02,171.7873,177.0852,170.9792,176.9854
2026-04-06,176.756,177.3845,175.3592,177.2349
2026-04-07,175.3292,177.8235,173.264,177.6938
2026-04-08,184.0792,184.8375,179.8888,181.6648
2026-04-09,181.4253,183.6602,180.2081,183.4906
2026-04-10,183.8897,189.5667,183.8797,188.1998
2026-04-13,185.6057,189.2275,185.3164,188.8783
2026-04-14,190.4048,196.0618,190.3349,196.0618
2026-04-15,196.0918,199.943,195.2936,198.4165
2026-04-16,196.9797,199.3942,195.3634,197.8977
2026-04-17,199.4441,201.24,198.8156,201.22
2026-04-20,199.5239,201.7089,197.3888,201.5992
2026-04-21,201.669,202.2876,198.5462,199.4242
2026-04-22,200.5316,202.0382,198.5462,202.0382
2026-04-23,201.9983,203.3652,196.7702,199.1847
2026-04-24,199.504,210.4689,199.3543,207.795
2026-04-27,209.1719,216.3355,206.9071,216.116
2026-04-28,209.0123,214.2403,207.7252,212.6839
2026-04-29,212.2149,212.2349,207.1066,208.7728
2026-04-30,209.4512,209.8204,198.2469,199.1149
2026-05-01,200.821,202.537,196.6705,197.9974
2026-05-04,199.045,201.2699,194.2959,198.0273
2026-05-05,198.8455,199.7833,195.5829,196.0519
2026-05-06,199.4341,207.795,198.1571,207.356
2026-05-07,207.8649,213.7115,206.0291,211.0177
2026-05-08,212.5442,217.3033,212.4045,214.7092
2026-05-11,213.5519,221.793,213.4022,218.9396
2026-05-12,218.0516,223.2397,214.4299,220.2765
2026-05-13,224.417,227.3204,221.0647,225.315
2026-05-14,229.3258,236.0006,228.7771,235.2024
2026-05-15,229.236,230.9721,223.7286,224.8062
2026-05-18,229.3458,229.4755,217.872,221.813
2026-05-19,219.1191,223.9681,217.413,220.1069
2026-05-20,222.671,225.6143,219.9971,222.9604
2026-05-21,221.7831,226.8814,217.433,219.0094
2026-05-22,220.3962,220.506,214.3101,214.8389
2026-05-26,216.0462,217.6824,211.5165,214.37
2026-05-27,213.6317,213.6616,208.3039,212.1152
2026-05-28,210.7982,215.0285,210.7383,213.7614
2026-05-29,214.0907,217.3632,210.6485,210.6585
2026-06-01,215.238,224.3572,215.2081,223.8483
2026-06-02,226.6619,231.7503,220.8452,222.3118
2026-06-03,221.2144,222.3119,214.0208,214.2603
2026-06-04,213.6709,221.3523,210.7342,218.4156
2026-06-05,214.2902,214.6298,204.1016,204.8708
2026-06-08,209.9451,210.2348,205.7698,208.4068
2026-06-09,210.3846,211.1637,199.1172,207.9573
2026-06-10,204.2015,206.9884,199.6965,200.196
2026-06-11,201.2648,205.4301,199.317,204.641
2026-06-12,204.631,206.8386,203.2126,204.9607
2026-06-15,208.6865,212.4723,208.1071,212.2125
2026-06-16,210.944,211.2536,207.0583,207.1782
2026-06-17,208.2969,208.9762,202.853,204.4212
2026-06-18,207.0983,211.1537,206.2692,210.4545
2026-06-22,211.2037,213.7508,207.4878,208.4168
2026-06-23,201.944,203.5422,199.7765,199.8164
2026-06-24,199.8963,201.4446,196.3603,198.7776
2026-06-25,199.8564,200.5756,191.9153,195.5212
2026-06-26,192.9041,195.3314,191.0063,192.3148
2026-06-29,193.6333,195.9607,189.5879,194.7521
2026-06-30,197.0195,200.4058,194.8919,199.8663
2026-07-01,195.9807,199.6266,193.2338,197.3592
2026-07-02,196.9197,199.8364,192.135,194.6122
2026-07-06,194.2027,197.3292,193.7732,195.3314
2026-07-07,192.155,198.1882,190.9264,196.7099
2026-07-08,194.9618,204.9307,194.842,203.8918
2026-07-09,204.2315,204.3613,198.7376,202.5533
2026-07-10,201.7742,210.7642,201.6943,210.7242
2026-07-13,208.3069,210.3346,202.7731,203.3025
2026-07-14,207.9673,212.3124,203.5722,211.5633
2026-07-15,211.7231,213.571,205.8097,212.2625
2026-07-16,209.9351,210.8441,205.6199,207.1682
2026-07-17,202.4135,206.419,197.7487,202.5833
2026-07-20,205.6399,207.5078,202.0539,203.0528
2026-07-21,207.308,208.4168,203.782,207.0583
2026-07-22,205.58,214.1504,204.7209,211.823
2026-07-23,209.2259,210.6343,205.7298,208.5267
2026-07-24,207.2181,211.6732,204.5811,206.6088
2026-07-27,207.9673,208.5167,195.2216,196.2904
2026-07-28,194.782,198.4779,192.5246,196.7898
2026-07-29,195.6311,196.8497,189.7976,189.7976
2026-07-30,193.2338,197.0295,191.3059,194.822
2026-07-31,198.2182,201.7742,194.7321,200.5256
2026-08-03,197.469,208.5067,196.63,206.409
2026-08-04,211.0638,212.8219,208.8163,211.7031
2026-08-05,216.6176,221.9716,216.1581,218.975
2026-08-06,221.2824,223.3801,216.7575,218.7452
2026-08-07,221.2924,224.5088,220.4134,223.7097
2026-08-10,223.1503,223.8895,216.5277,217.3068
2026-08-11,221.9217,221.9516,215.9583,217.2569
2026-08-12,220.7929,224.8484,219.9539,223.8395
2026-08-13,224.8085,226.976,223.46,225.0482
2026-08-14,226.5165,227.2357,224.2491,224.9083
2026-08-17,225.7274,227.6653,224.6087,224.7585
2026-08-18,220.2036,221.3923,218.4456,219.4944
2026-08-19,221.4222,222.6209,216.5177,217.3168
2026-08-20,218.1159,219.6143,215.419,216.6076
2026-08-21,218.1759,218.4955,214.2603,214.48
2026-08-24,215.2891,215.349,207.0184,208.247
2026-08-25,210.7941,214.49,209.8752,212.8119
2026-08-26,212.4023,213.3613,208.9961,209.4257
2026-08-27,222.6109,230.2124,220.6531,227.7252
2026-08-28,227.1059,229.0037,216.5677,217.3068
2026-08-31,218.6254,221.0527,215.9683,220.5332
2026-09-01,216.5077,220.1637,214.8596,217.197
2026-09-02,218.5455,227.6952,218.2358,224.1592
2026-09-03,225.7674,230.1425,224.4988,228.1947
2026-09-04,230.8317,234.4976,229.3733,230.1025
2026-09-08,232.8494,233.4488,224.5987,225.4777
2026-09-09,225.0282,225.9272,223.2102,223.42
2026-09-10,220.53,220.99,217.2,218.36
2026-09-11,221.24,222.0,218.15,218.29
2026-09-14,211.24,212.77,208.93,210.96
2026-09-15,213.38,213.94,211.16,212.17
2026-09-16,214.14,216.76,212.5,213.9
2026-09-17,218.38,219.91,217.15,219.34
2026-09-18,219.35,222.73,218.03,222.27
2026-09-21,222.94,228.5,221.56,227.38
2026-09-22,226.85,229.98,226.5,228.87
2026-09-23,228.03,228.95,224.02,225.51
2026-09-24,222.08,224.94,221.09,224.58
2026-09-25,225.13,226.94,223.13,225.07
2026-09-28,229.75,233.21,228.04,228.86
2026-09-29,230.97,232.82,227.03,227.21
2026-09-30,229.27,232.37,228.17,228.38
2026-10-01,229.98,232.29,228.16,230.86
2026-10-02,236.06,237.88,233.6,233.95
2026-10-05,236.09,240.1,235.15,238.9
2026-10-06,242.1,243.37,238.93,239.24
